subject,text,priority,queue
Soundkarte macht Probleme,"Hallo Support-Team, meine Soundkarte Model X43 spielt seit dem letzten Treiber-Update keinen Ton mehr ab. Neuinstallation hat nicht geholfen. Gruß, Sükran Heimann",2,Hardware
Angebot für Jahresabschluss Software,"Hallo, könnten Sie mir ein Angebot für Ihre Jahrsabschluss-Software machen? Grüße, Jennii Holstein",1,Buchhaltung
Softwarefehler in Lectora Inspire,"Hallo Support, Lectora Inspire öffnet sich nicht mehr nach dem letzten Update.",3,Software
Rechnungsfrage zur letzten Transaktion,"Sehr geehrte Damen und Herren,

beim Durchsehen meiner Unterlagen ist mir aufgefallen, dass die Rechnung zu meiner letzten Bestellung doppelt berechnet wurde. Bitte überprüfen Sie dies und stellen Sie eine korrigierte Rechnung aus.

Vielen Dank,
Tobias Seifert",2,Buchhaltung
Feature-Wunsch für 'Image Recognition',"Sehr geehrte Damen und Herren, könnte die Software 'Image Recognition' um eine Funktion zur automatischen Klassifikation von Schadensbildern erweitert werden? Das wäre sehr hilfreich. Danke!",1,Software
Frage zum Netfirms Software-Produkt,"Sehr geehrte Damen und Herren, ich nutze Ihre Netfirms-Software und habe Probleme mit der Synchronisation meiner Dateien. Es scheint, als ob einige Dateien nicht korrekt gespeichert werden. Können Sie mir bitte weiterhelfen? Herzlichen Dank, Hans Zimmer",2,Software
Dringende Anfrage zur Gehaltsabrechnung für Mai 2023,"Sehr geehrter Kundensupport,
ich habe ein dringendes Problem mit meiner Gehaltsabrechnung für Mai 2023. Der Betrag ist nicht korrekt überwiesen worden und ich benötige sofort eine Klärung und Korrektur. Bitte kontaktieren Sie mich umgehend unter meiner Mitarbeiter-ID 482019. Für Rückfragen stehe ich Ihnen jederzeit zur Verfügung.
Mit freundlichen Grüßen,
Heike Steinmann",3,Buchhaltung
Mitarbeiteranfrage: Arbeitsrecht - Rechtsberatung benötigt,"Sehr geehrtes Buchhaltungsteam, 
Ich habe eine rechtliche Frage bezüglich meiner Arbeitszeiten und deren Übersicht hinsichtlich des Arbeitsrechts. Könnten Sie mir Informationen oder eine Ansprechpartner nennen, der sich genau mit diesen Fragen auskennt, um Missverständnisse zu vermeiden? 
Mit freundlichen Grüßen, 
Anouk Timm",1,Buchhaltung
Dringende Klärung zur Rechnung RE45781203,"Sehr geehrte Damen und Herren, ich habe bei meinem letzten Kauf die Rechnung RE45781203 erhalten. Nach Überprüfung sind mir mehrere Unstimmigkeiten aufgefallen, die ich dringend klären muss, da ich die richtigen Beträge für die Buchhaltung brauche. Bitte um schnellen Rückruf. Mit freundlichen Grüßen, Hans Jürgen Strauch",3,Buchhaltung
Dienstwagenabrechnung Januar 2023,"Sehr geehrte Damen und Herren,
ich benötige detaillierte Informationen über die Abrechnung des Dienstwagens für den Monat Januar 2023. Bitte senden Sie mir eine Aufstellung und eventuelle Rückfragen bezüglich der Spesen.
Vielen Dank.
Jakob Rott",2,Buchhaltung
Drupal – Kategorie ändern nicht möglich,"Sehr geehrte Damen und Herren, bei meinem Drupal-System tritt der Fehler auf, dass Kategorien nicht gespeichert werden. Dies verursacht größere Probleme beim Verwalten des Inhalts. Eine schnelle Lösung wäre sehr wünschenswert. Freundliche Grüße, Reinhardt Müller",2,Software
Anfrage wegen Update-Fehler in Shopware,"Hallo Kundensupport,

ich nutze die Software Shopware für meinen Online-Shop und habe beim letzten Update einen Fehler festgestellt. Die Plugin-Verknüpfungen funktionieren nicht mehr korrekt und ich benötige Unterstützung, um das Problem zu beheben.

Mit freundlichen Grüßen,
Verena Koch",2,Software
Anfrage zur Anpassung der Gehaltsabrechnung,"Sehr geehrte Damen und Herren, aufgrund meiner kürzlichen Beförderung bitte ich um eine Anpassung meiner Gehaltsabrechnungen. Könnten Sie außerdem die Adresse aktualisieren? Alte: Lindenweg 12, 30159 Hannover, Neue: Sonnenstraße 5, 30519 Hannover. Vielen Dank!",1,Buchhaltung
Rechnungsfrage zur Buchung #B12345,"Sehr geehrte Damen und Herren,
meine letzte Rechnung mit der Buchungsnummer #B12345 hat einige Positionen, die ich nicht nachvollziehen kann. Könnten Sie diese bitte überprüfen und mir eine Erläuterung schicken?
Vielen Dank im Voraus,
Hannah Schulze",2,Buchhaltung
Frage zur neuen Unternehmens-Buchhaltungsrichtlinie,"Guten Tag, könnten Sie bitte die neue Buchhaltungsrichtlinie erläutern? M.f.G, Евгений Sattler",1,Buchhaltung
Installation des neuen Scanners – Probleme und Hilfe benötigt,"Hallo, mein neuer Scanner wurde geliefert, aber beim Versuch der Installation gibt es Fehlermeldungen. Bräuchte eure Unterstützung, um das Gerät korrekt einzurichten.",1,Hardware
Hilfestellung bei GitHub Funktionen notwendig,"Sehr geehrtes Support-Team, ich nutze derzeit GitHub für ein privates Projekt und habe Schwierigkeiten mit den spezifischen Funktionen des Branch Merge. Könntet Ihr mir genauso freundlich behilflich sein und Beispiele oder Guides liefern, wie genau der Merge konfiguriert werden soll? Vielen Dank im Voraus! Freundliche Grüße, Diethelm Stricker",1,Software
Frage wegen VR Headset,"Hallo Kundensupport,

Ich habe mein VR Headset vor zwei Wochen bei Ihnen gekauft. Jetzt habe ich ein kleines Problem: das Bild hat manchmal Aussetzer und ruckelt. Könnten Sie mir sagen, ob es ein bekanntes Problem ist? Dankeschön!

Beste Grüße,
Inge Jäger",1,Hardware
Problem mit Google Cloud Console,"Sehr geehrtes Support-Team, ich nutze eure Software Google Cloud Console und stelle fest, dass bestimmte APIs seit dem letzten Update nicht korrekt funktionieren. Könntet ihr bitte den Status dieser APIs überprüfen und mir ein Update dazu geben? Ich habe wichtige Projekte, die sofortige Aufmerksamkeit auf Fehlerfreiheit brauchen. Vielen Dank im Voraus für Ihre Unterstützung. Mit freundlichen Grüßen, Günther Müller",2,Software
Proximity Sensor - Frage zum Update,Kann ich ein Update für meinen Sensor bekommen?,1,Hardware
Mitarbeiteranfrage: Softwareproblem,"Sehr geehrtes Support-Team, eine unserer Mitarbeiterinnen, Frau Agnieszka Zöller, hat ein Problem mit ihrer Arbeitssoftware „TechPro Pro 10.2”. Sie meldete vermehrte Abstürze und Datenverlust. Für eine unkomplizierte Abwicklung bitten wir um eure rasche Unterstützung. Vielen Dank im Voraus! ",1,Buchhaltung
Zugriffsrechte für Mitarbeiterkonto,"Hallo Kundensupport, ich benötige dringend Zugriff für mein Mitarbeiterkonto in unserem IT-System. Ohne die entsprechenden Rechte kann ich aktuell meine tägliche Arbeit nicht effizient ausführen. Bitte gewährt mir die notwendigen Berechtigungen so schnell wie möglich. Vielen Dank, Hase Jürgen",2,Buchhaltung
Frage zu Cubase Pro 11 - Zwischenspeichern,"Sehr geehrte Damen und Herren,
ich habe eine kleine Frage zu Cubase Pro 11. Mir ist aufgefallen, dass beim Zwischenspeichern meiner Projekte es zu minimalen Verzögerungen kommt. Das beeinträchtigt mein Arbeiten generell nicht groß, aber ich wollte wissen, ob das normal ist oder ob es eine Einstellung gibt, die dies verhindern kann. Mit freundlichen Grüßen, Egon Edelmann",1,Software
Dringende Hilfe bei Zahlungsbestätigung für letzten Auftrag,"Sehr geehrte Damen und Herren, mein Name ist Josua Mueller, und ich habe noch keine Zahlungsbestätigung für den Auftrag mit der Bestellnummer 547820 erhalten. Ich benötige diese Bestätigung dringend, da ich diese für meine Buchhaltung und deren Abschluss übergeben muss. Die Transaktion wurde am 5. Oktober durchgeführt. Warum dauert es so lange? Ansonsten müssen wir möglicherweise unser Engagement überdenken.",3,Buchhaltung
HIPAA Compliance - Akkuter Datenverlust nach Update,"Sehr geehrte Damen und Herren, nach dem letzten Update unserer HIPAA-Compliance-Software sind plötzlich alle unsere Gesundheitsdaten verschwunden. Dieser Verlust ist absolut unverantwortlich und gefährdet unseren Betrieb. Bitte setzen Sie sich umgehend mit mir in Verbindung, um dieses Problem schnellstmöglich zu lösen. Mit freundlichen Grüßen, Aytac Heidenreich",3,Software
Unregelmäßigkeiten bei der letzten Zahlung,"Sehr geehrte Damen und Herren, beim Abgleich meiner Bankkontoauszüge mit Ihren Rechnungen habe ich festgestellt, dass eine Tarifdifferenz auf Rechnung NRH56789111 vom 12. April für den Artikel AR194_AB auftritt. Können Sie dies bitte überprüfen und mir eine korrigierte Rechnung zusenden? Herzlichen Dank im Voraus und freundliche Grüße, Kyra Ca",2,Buchhaltung
RapidMiner Update auf 10.0.3 gewünscht,"Hallo liebes Support-Team, ich würde gerne mein RapidMiner Update auf die Version 10.0.3 durchführen, wann wäre das möglich und was wäre der zu erwartende Aufwand? Danke im Voraus, Doreen Yildirim",1,Software
Frage zum Digitizer - Lange Ladezeit beim Einschalten,"Hallo, ich habe vor einigen Wochen den Digitizer bei Ihnen erworben. Mir ist aufgefallen, dass das Gerät beim Einschalten ziemlich lange benötigt, bis es vollständig betriebsbereit ist. Es betrifft nicht die Funktionalität, aber könnten Sie mir diesbezüglich einen Ratschlag geben? Viele Grüße, Lars Yilmaz",1,Hardware
Anfrage zur Funktionsweise von Deep Learning,"Hallo Kundensupport,

ich habe ein Problem mit Ihrem Deep Learning-Produkt. Es scheint nicht effektiv verschiedene Sprachbefehle zu erkennen. Ist das bekannt und gibt es bereits ein Update oder eine Lösung dafür?

Vielen Dank und mit freundlichen Grüßen,
Sven Pfeiffer",2,Software
Signalprobleme mit Satellitentelefon,"Sehr geehrte Damen und Herren, ich habe in letzter Zeit immer wieder Signalprobleme mit meinem Satellitentelefon. Trotz voller Batterie und klaren Himmels bricht die Verbindung häufig ab. Können Sie mir hierzu weiterhelfen oder möglicherweise ein Firmware-Update bereitstellen? Mit freundlichen Grüßen, Dusko Matthias",1,Hardware
Frage zum SMP im Squarespace Commerce,"Sehr geehrte Damen und Herren, 
ich nutze Ihre Software Squarespace Commerce und habe eine Frage zu den Einstellungen des SEO Moduls. Mir scheint es, dass die Änderungen nicht korrekt angewendet werden. Ist das ein bekanntes Problem oder mache ich eventuell etwas falsch? Bitte um Ihre Hilfe und detaillierte Rückmeldung. Danke! Freundliche Grüße, Irina Riedel",2,Software
Dringende Notwendigkeit zur Klärung meiner Rechnung Nr. 348293,"Sehr geehrte Damen und Herren, ich habe eine dringende Anfrage zu meiner letzten Rechnung Nr. 348293. Es scheint, als ob mir ein falscher Betrag berechnet wurde, und das Problem sollte so schnell wie möglich behoben werden, da es erhebliche Auswirkungen auf mein Geschäft hat. Bitte kontaktieren Sie mich so bald wie möglich. Mit freundlichen Grüßen, Tobi Schäfer",3,Buchhaltung
Dringend! Cubase stürzt bei jedem Start ab,"Hallo Support-Team, seit dem letzten Update stürzt mein Cubase ab, sobald ich es starte. Ich benutze es beruflich und brauche dringend eine Lösung. Können Sie bitte schnell helfen? Danke, Wilfried Möller",3,Software
xDai Software Feature Anfrage,"Hallo Support-Team, ich möchte eine neue Funktion in der xDai Software vorschlagen. Es wäre großartig, wenn man automatische Updates für Plugins im Hintergrund aktivieren könnte. Vielen Dank, Hayrettin Eich",2,Software
Frage zur Erstattung von IT-Kosten,"Hallo, ich möchte gerne den Prozess zur Erstattung von IT-Kosten klären. Gibt es Unterlagen, die ich einreichen muss? Dankeschön, Olaf Jovanovic",2,Buchhaltung
Dringende Hilfe benötigt - PCI DSS Compliance Zugang verweigert,"Sehr geehrte Damen und Herren, ich habe dringend Zugang zu unserer PCI DSS Compliance Software benötigt, um eine Pflichtprüfung durchzuführen, jedoch wird unser Zutritt wiederholt verweigert. Dies gefährdet unsere Geschäftsprozesse erheblich. Ich bitte um schnellstmögliche Unterstützung. Mit freundliche Grüßen, Daria Holtz",3,Software
Dringend! Rückstellung notwendiger Rechnungen,"Sehr geehrte Damen und Herren,

ich habe festgestellt, dass die letzten beiden Rechnungen, die ich erhalten habe, noch offene Posten aufweisen. Da ich dringend die Abschlüsse für das Quartal machen muss, benötige ich diese Rechnungen umgehend korrigiert und bearbeitet. Ich bitte Sie um eine schnelle Rückmeldung.

Mit freundlichen Grüßen,
Detlef Sauer",3,Buchhaltung
Fehlerhaft: PC-Lüfter funktioniert nicht richtig,"Sehr geehrtes Support-Team, ich habe bei Ihnen letzte Woche einen PC-Lüfter bestellt (Bestellnummer 154839921). Leider funktioniert der Lüfter nicht richtig - er macht laute Geräusche und kühlt nicht ausreichend. Bitte um Hilfe!",2,Hardware
Defektes USB-Kabel - Austausch benötigt,"Hallo liebes Support-Team,

ich habe am 12. März 2023 das USB-Kabel (Bestellnr. XY789654) bei Ihnen bestellt, das leider bereits defekt zu sein scheint. Es lädt meine Geräte nicht zuverlässig. Könnte ich es bitte umtauschen oder eine Erstattung erhalten?

Viele Grüße,
Andi Hesse
Kundennr. AH123456",2,Hardware
Dringend: Fehlerhafte Gehaltsabrechnung für September,"Sehr geehrte Damen und Herren, leider ist mir aufgefallen, dass meine Gehaltsabrechnung für September inkorrekt ist und einige Abzüge falsch berechnet wurden. Dies muss dringend korrigiert werden, da ich darauf angewiesen bin. Viele Grüße, Julian Mohr",3,Buchhaltung
Dringend: Google Meet stürzt ab und lässt sich nicht öffnen,"Hallo, unser Unternehmen nutzt Google Meet für wichtige Meetings und seit heute Morgen lässt es sich nicht mehr öffnen. Anstatt zu starten, stürzt die Software immer wieder ab. Wir haben bereits alles Mögliche ausprobiert, von der Neuinstallation bis hin zum Zurücksetzen der Einstellungen. Wir benötigen dringend Hilfe, da unsere täglichen Besprechungen davon abhängen. Vielen Dank im Voraus, Keven Alexander",3,Software
Probleme mit Data Backup Version 3.5,"Hallo Kundensupport, mein Data Backup in Version 3.5 zeigt fehlerhafte Meldungen an und ich kann keine Sicherungen mehr erfolgreich erstellen. Ein Fehlercode wird auch nicht angezeigt. Was kann ich tun, um das zu beheben? Eine schnelle Lösung wäre super, MSID: 8491537. Danke im Voraus! Süreyya Harder",2,Software
Revenue Management - Unverzichtbare Reports fehlen,"Sehr geehrte Damen und Herren, bei unserem Revenue Management System fehlen plötzlich wichtige Reports. Ohne diese Berichte können wir keine fundierten Geschäftsentscheidungen treffen. Brauche dringend Hilfe. Beste Grüße, Laurenz Block",3,Software
Frage zu Rechnungsdetails und Zahlungsbedingungen,"Hallo, ich würde gerne wissen, ob die nächste Rechnung für mein physio-studio mit einem anderen Unternehmensnamen ausgestellt wird.",1,Buchhaltung
Problem mit Western Digital My Book Duo – Unterstützung benötigt,"Sehr geehrte Damen und Herren, kürzlich habe ich ein WD My Book Duo gekauft. Das Gerät wird von meinem PC nicht erkannt. USB-Kabel ist in Ordnung und Treiber sind aktuell. Was kann ich tun, um das Problem zu lösen? Vielen Dank im Voraus! Mit freundlichen Grüßen, Christopher Reuter",1,Hardware
Kleines Problem mit Smart-Wassermelder,"Sehr geehrter Kundensupport,
mir ist bei meinem Smart-Wassermelder ein kleines Problem aufgefallen. Das Gerät sendet ab und zu falsche Warnungen. Gibt es eine Möglichkeit, dieses Problem zu beheben oder sollte ich das Gerät umtauschen? Es handelt sich um die Bestellnummer #123456789.
Vielen Dank,
Udo Hübner",1,Hardware
Hilfe - Loan Origination startet nicht!,"Sehr geehrte Damen und Herren, jedes Mal, wenn ich versuche, die Loan Origination-Software zu starten, stürzt sie ab und zeigt die Fehlermeldung 'Unexpected Error'. Da ich die Software dringend für meine Kunden benötige, bitte ich dringend um schnelle Hilfe! Mit freundlichen Grüßen, Carina Kuhn.",3,Software
Frage zu Vertragslaufzeit - Dringend Klärung Benötigt,"Hallo, ich habe eine Frage zur Laufzeit meines Vertrags. Laut meiner Unterlagen endet dieser nächsten Monat. Können Sie dies bestätigen? Danke, Celine Schuster",2,Buchhaltung
Probleme mit JBL Quantum Duo Lautsprechern,"Sehr geehrter Support, meine JBL Quantum Duo Lautsprecher knacken ständig. Was kann das Problem sein? Mit freundlichen Grüßen, Chris Pohl",2,Hardware
Probleme mit neuer Soundkarte,"Hallo Support, meine gerade erworbene Soundkarte fällt häufiger aus. Der Ton verschwindet ohne Vorwarnung und kehrt nur sporadisch zurück. Was kann ich tun? Viele Grüße, Gregor Hartig",2,Hardware
Probleme mit Netgear Nighthawk Mesh Wi-Fi 6 System,"Guten Tag, ich habe vor Kurzem das Netgear Nighthawk Mesh Wi-Fi 6 System gekauft und leider tritt ein Verbindungsfehler auf. Kann jemand bitte mit einer Lösung weiterhelfen? Vielen Dank, Elvir Feller",2,Hardware
Lautstärkenprobleme beim Case Fan,"Hallo Team, mein neuer Case Fan ist extrem laut. Ich habe schon einiges probiert, aber es wird nicht besser. Danke!",2,Hardware
Dringend: Mitarbeiter Entwicklungsbudget Genehmigung erforderlich,"Sehr geehrte Damen und Herren, bitte um schnellstmögliche Genehmigung des Entwicklungsbudgets für unsere neuen Mitarbeiter. Die Trainings beginnen nächste Woche und finanzielle Rückendeckung ist unerlässlich. Förderlich wäre auch eine einmalige Kontobelastung pro Abteilung. Vielen Dank! Lisa Te",3,Buchhaltung
Kleinere Fehler in Maintenance Management,"Hallo Kundensupport, seit dem letzten Update bemerke ich kleinere Fehler in der Maintenance Management Software. Manche Berichte werden nicht korrekt dargestellt und ein paar Menüpunkte sind nicht erreichbar. Könntet Ihr dies überprüfen? Vielen Dank im Voraus. Freundliche Grüße, Gule Rehm",1,Software
Frage zum Aufbau der Cooler Master MasterBox Q300L,"Sehr geehrte Damen und Herren, ich wollte heute meinen neuen Cooler Master MasterBox Q300L zusammenbauen und habe Fragen zum Einbau der Grafikkarte. Der Abstand scheint nicht auszureichen. Können Sie mir bitte sagen, wie viel Platz ich dafür einplanen sollte? Danke und Grüße, Claudiu Kahle",1,Hardware
Frage zu Update für Beacon Technology,"Hallo Support,

ich habe eine Frage zur Beacon Technology. Wird es in den nächsten Wochen ein Update für das System geben? Ich plane einige Änderungen und hoffe auf mögliche Verbesserungen.

Beste Grüße,
Johannes Winter",1,Software
Dringend! Probleme mit Weebly – Bitte um sofortige Hilfe,"""Sehr geehrte Damen und Herren,
ich kann seit dem letzten Update meine Webseite auf Weebly nicht mehr bearbeiten. Beim Laden stürzt die Seite ab. Mein Online-Shop ist daher derzeit offline, und das ist äußerst dringend, da ich täglich Bestellungen abwickeln muss.
Vielen Dank!
Mit freundlichen Grüßen,
Marion Keller",3,Software
Anfrage zur nächsten Rechnung für Accelerometer,"Sehr geehrte Damen und Herren,
vor einiger Zeit habe ich bei Ihnen ein Accelerometer erworben. In einigen Wochen steht die nächste Rechnung an, könnte dort statt meines Namens 'Kunze GmbH' angegeben werden? Es hat keine Eile, die Änderung kann in Ruhe erfolgen. Vielen Dank!
Mit freundlichen Grüßen,
Ina Kunze",1,Hardware
Dringend! Smart-Wetterstation zeigt keine Daten mehr,"Sehr geehrte Damen und Herren, meine Smart-Wetterstation zeigt seit gestern keinerlei Daten mehr an. Ich habe bereits alle Kabel überprüft und neu gestartet, hilft aber nichts. Bitte um sofortige Hilfe! Gruß, Jana Aslan",3,Hardware
Angebotsanfrage für Buchhaltungssoftware,"Sehr geehrtes Support-Team, mein Name ist Catharina Kluge. Ich interessiere mich für Ihre Buchhaltungssoftware und möchte gerne wissen, ob es mögliche Rabatte für kleine Unternehmen gibt? Außerdem hätte ich gerne Informationen zu den Lizenzkosten und Supportoptionen. Vielen Dank im Voraus!",2,Buchhaltung
Datenschutzanfrage,"Sehr geehrte Damen und Herren,

ich wüsste gerne, wie meine persönlichen Daten derzeit bei Ihnen gespeichert und verwendet werden. Außerdem würde ich gerne wissen, wie ich diese auf den aktuellsten Stand bringen kann.

Mit freundlichen Grüßen,
Kai Kraus",1,Buchhaltung
Dringende Rechtsfrage zu Mitarbeitern,"Sehr geehrte Damen und Herren, ich habe eine dringende Frage zum Vertragsrecht bezüglich neuer Mitarbeiter in unserer Firma. Bitte um schnellen Kontakt.",3,Buchhaltung
"Smart-CPAP-Gerät defekt, Gerät schaltet nicht ein",Das neue Smart-CPAP-Gerät startet nicht mehr. Hilfe bitte.,3,Hardware
Dringendes Problem mit Zoho Desk Admin Console,"Sehr geehrte Damen und Herren, seit dem neuesten Update der Zoho Desk Admin Console kann ich keine Tickets mehr bearbeiten oder Kunden anlegen. Das beeinträchtigt unseren Support erheblich. Wir benötigen dringend eine Lösung für dieses Problem. Mit freundlichen Grüßen, Heike Winkler",3,Software
Problem bei der Einrichtung von Disaster Recovery,Kann Disaster Recovery nicht einrichten..,2,Software
Software Supply Chain Optimization funktioniert nicht mehr – dringend!,"Hallo, meine Supply Chain Optimization Software ist abgestürzt und lässt sich nicht mehr öffnen. Benötige Hilfe, da die Produktivität im Team erheblich leidet.",3,Software
Probleme mit Mac Mini,"Guten Tag Support-Team,
mein kürzlich bei Ihnen erworbener Mac Mini schaltet sich ab und zu ohne Vorwarnung aus. Ich habe alle kabel überprüft. Könnten Sie mir bitte weiterhelfen?
Danke und Grüße,
Fuchs Bachmann",2,Hardware
Frage zur Konfiguration des Access Points,"Sehr geehrte Damen und Herren, ich habe vor kurzem einen Access Point bei Ihnen erworben (Bestellnummer: AB12345678). Bis auf ein kleines Problem bei der Konfiguration bin ich sehr zufrieden. Können Sie mir erklären, wie ich das 5 GHz-Band richtig einstelle? Vielen Dank im Voraus, Philine Dietz",1,Hardware
Soundbar gibt keinen Ton mehr,"Sehr geehrtes Support-Team, ich habe Ihre Soundbar gekauft und plötzlich gibt sie keinen Ton mehr von sich. Das Modelnummer A1234 habe ich letztes Wochenende bestellt (Bestellnummer: 7894561239). Woran könnte das liegen? Danke und lieben Gruß, Dajana Marco",2,Hardware
hochdringend Berichtspflicht- Gesundheitsgerecht Zusatzbericht,Bitte prüfen Sie Berichte - Gesundheitsgerechtheit- Arbeitsplatz - Arbeitssafty-update - Gesndhsstandard - BuKarx198710237### wirksam,3,Buchhaltung
Zugriffsrechte für Mitarbeiter auf Abrechnungsdaten,"Hallo Buchhaltungsteam, mein Name ist Izzet Wenzel (Kunden-Nr. 123456), ich möchte sicherstellen, dass alle meine neuen Mitarbeiter die erforderlichen Zugriffsrechte für die Abrechnungsdaten haben. Könnt ihr bitte prüfen, ob das bereits richtig konfiguriert ist? Vielen Dank!",1,Buchhaltung
Probleme mit Corsair Flash Survivor Stealth 128GB,"Sehr geehrte Damen und Herren, 

ich habe kürzlich den USB-Stick Corsair Flash Survivor Stealth 128GB bei Ihnen erworben. Leider wird das Gerät nicht von meinem Computer erkannt. Ich habe bereits verschiedene USB-Ports ausprobiert und den Computer neugestartet, jedoch ohne Erfolg. Ich bitte um Ihre Unterstützung. 

Mit freundlichen Grüßen,
Gerhard Roth",2,Hardware
Fehlerhafte SSD nach wenigen Wochen,"Guten Tag, meine SSD gibt nach wenigen Wochen Verwendung seltsame Geräusche von sich. Was kann ich tun? Mit freundlichen Grüßen, Bärbel Peters",2,Hardware
Multifunktionsdrucker funktioniert nicht,"Sehr geehrte Damen und Herren, mein Multifunktionsdrucker funktioniert plötzlich nicht mehr. Ich brauche schnell Hilfe.",3,Hardware
Frage zur neuen Funktion im Facebook Business Manager,"Sehr geehrte Damen und Herren, ich habe bemerkt, dass es eine neue Funktion im Facebook Business Manager gibt. Leider finde ich keine genaue Anleitung dazu in Ihrer Dokumentation. Können Sie mir bitte eine kurze Beschreibung und/oder eine Anleitung zukommen lassen? Vielen Dank im Voraus. Mit freundlichen Grüßen, Margot Haus.",1,Software
Frage zur nächsten Cardano Development Ausgabe,"Hallo zusammen, ich habe gesehen, dass bald eine neue Version von Cardano Development erscheinen soll. Können Sie mir sagen, ob darin kleinere Fehlerbehebungen enthalten sind und wie viel Speicherplatz die neue Version benötigt? Ich danke Ihnen im Voraus für die Informationen. Viele Grüße, Kateryna Hoang",1,Software
Frage zur Rechnungsstellung,"Sehr geehrtes Buchhaltungsteam, können Sie mir eine Beispielrechnung für Produkt X zusenden? Danke, Dardan Seidl",1,Buchhaltung
Mobile Security App - Funktioniert nach Update nicht mehr,"Sehr geehrte Damen und Herren, seit dem neusten Update von Mobile Security funktioniert die App auf meinem Smartphone nicht mehr. Leider kann ich so nicht auf wichtige Funktionen zugreifen. Bitte um dringende Hilfe! Freundliche Grüße, Aline Lieb",3,Software
Frage zur Rechnung,"Hallo, könnte der Firmenname auf meiner nächsten Rechnung geändert werden? Beste Grüße, Walter Braun",1,Buchhaltung
Zendesk Fehler: Automatische Antwortregeln greifen nicht,"Sehr geehrte Damen und Herren,

bei unserer Zendesk-Instanz klappt die Einrichtung für automatische Antwortregeln nicht korrekt. Wir haben diese mehrfach überprüft und angepasst, jedoch ohne Erfolg. Könnten Sie uns bitte einen technischen Anwendungscheck anbieten? Dazu benötigen wir Ihre Unterstützung.

Mit freundlichen Grüßen,
Tran Dirks",2,Software
Heroku Dashboard Not erreichbar-Dringent Hilfe,"Heroku Dashboard lädt nicht, Projektverwicklung hängt.",3,Software
Frage zur Schulung,"Sehr geehrte Damen und Herren, ich benötige dringend eine Bestätigung zur bevorstehenden Sicherheits-Schulung. Danke!",3,Buchhaltung
Frage zur Gehälterrechnungs-Absicht,"Hallo, ich hätte gerne eine Kopie meiner letzten Gehaltsabrechnung. Mit freundlichen Grüßen, Fabrice",1,Buchhaltung
Beta-Funktion fehlerhaft in Staking Pools Software,"Sehr geehrtes Support-Team,
beim Betatesten der neuesten Version von Staking Pools sind mir einige auffällige Fehler aufgefallen, darunter unerwartete Abstürze und Dateninkonsistenzen. Könnten Sie sich das bitte einmal anschauen und mich über die geplanten Korrekturen informieren?
Mit freundlichen Grüßen,
Patryk Mert",2,Software
Probleme mit Card Reader,"Hallo Kundensupport, ich habe heute meinen neuen Card Reader erhalten, aber er wird von meinem Computer nicht erkannt. Ich habe schon mehrere USB-Ports ausprobiert, aber es tut sich nichts. Bitte um Unterstützung. Beste Grüße, Sakis Bork",2,Hardware
Hilfe! Smart-Kühlschrank zeigt Fehlercode E20,"Sehr geehrte Damen und Herren,
ich benötige dringend Ihre Hilfe. Mein neuer Smart-Kühlschrank zeigt seit gestern den Fehlercode E20 an und kühlt nicht mehr. Ich habe bereits mehrfach neu gestartet, aber ohne Erfolg. Wir benötigen den Kühlschrank dringend im Betrieb.
Vielen Dank,
Norman Zimmermann",3,Hardware
Uninterruptible Power Supply (UPS) Fehler,"Sehr geehrte Damen und Herren, ich habe kürzlich eine UPS von Ihnen erworben. Sie funktioniert nicht wie erwartet - bei einem Stromausfall bleibt der Computer trotzdem aus. Bitte helfen Sie mir weiter. Besten Dank, Nexhat Lücke",2,Hardware
Frage zur Anpassung auf Firmenname - SAP Commerce Cloud,"Sehr geehrte Damen und Herren, könnte in meiner nächsten Rechnung für die SAP Commerce Cloud der Firmenname auf die neue Firmierung 'Fiedler eCommerce Solutions' geändert werden? Vielen Dank vorab! Mit freundlichen Grüßen, Juliane Fiedler",1,Software
Probleme mit Mobile Marketing Performance,"Hallo Kundensupport,

ich habe vor kurzem die neueste Version von Mobile Marketing installiert und festgestellt, dass die Performance signifikant langsamer geworden ist. Die Ladezeiten haben sich deutlich erhöht, und einige Funktionen reagieren sehr träge. Könnten Sie bitte überprüfen, ob es eventuell ein Update oder einen Fix dafür gibt? Vielen Dank für Ihre Unterstützung.

Mit freundlichen Grüßen,
Theresa Scheel",2,Software
Dringend: Performance Appraisal startet nicht,"Sehr geehrte Damen und Herren, unser Performance Appraisal Tool lässt sich plötzlich nicht mehr starten. Wir brauchen das täglich für unsere Mitarbeiterbewertung und das ist dringend. Bitte helfen Sie uns schnell. Kundennummer: 3298. Vielen Dank, Giusy Stock",3,Software
Anfrage dringende Antwort bezüglich meines Gehalts,"Hallo Team, ich habe seit zwei Monaten mein Gehalt nicht erhalten. Bitte bearbeiten Sie schnellstmöglich. Danke, Nurullah Hamacher.",3,Buchhaltung
Dell PowerEdge T40 Server – Lüftergeräusch,"Sehr geehrte Damen und Herren, ich habe einen Dell PowerEdge T40 Server bei Ihnen gekauft (Bestell-Nr. 782341), und der Lüfter macht ein ungewöhnlich lautes Geräusch. Was könnte die Ursache sein und wie kann das behoben werden? Ich freue mich auf eine schnelle Antwort. Vielen Dank! Mit freundlichen Grüßen, Simge Hager",2,Hardware
Dringende arbeitsrechtliche Einschätzung für Mitarbeiteranfrage,"Sehr geehrte Damen und Herren, ich benötige dringend Ihre fachliche Einschätzung zu einer arbeitsrechtlichen Angelegenheit bezüglich eines unserer Mitarbeiter. Dieser hat eine Anfrage gestellt, die sofortige rechtliche Klärung erfordert. Bitte setzen Sie sich umgehend mit mir in Verbindung. Danke. Beste Grüße, Svenja Both",3,Buchhaltung
Änderung der Betriebsanschrift in den Rechnungen,"Sehr geehrtes Buchhaltungsteam,

ich möchte Sie bitten, ab der nächsten Rechnung unsere neue Betriebsanschrift zu verwenden: Industriestraße 15, 80331 München. Die geänderte Adresse sollte in allen zukünftigen Abrechnungen berücksichtigt werden. Es ist nicht dringend, aber sobald es möglich ist, bitte aktualisieren.

Vielen Dank für Ihre Unterstützung!

Mit freundlichen Grüßen,
Liane Hase",1,Buchhaltung
Problem mit Converter - Überhitzt,"Hallo Kundensupport, mein kürzlich bei Ihnen erworbener Converter überhitzt sehr schnell und shut da schon runter. Worand könnte das liehn? Bitte prüfen! Celik Schenk",1,Hardware
Wix eCommerce gibt kritischen Fehler bei Zahlungsabwicklung,"Sehr geehrte Damen und Herren, beim Abschluss von Bestellungen auf meinem Wix eCommerce Shop wird ein kritischer Fehler angezeigt und keine Zahlungen verarbeitet. Da ich den Shop dringend benötige, bitte ich um schnelle Hilfe, vielen Dank. Mit freundlichen Grüßen, Jana Celik",3,Software
Frage zur Gehaltsabrechnung für Dezember 2023,"Sehr geehrte Damen und Herren, ich möchte wissen, wann ich die Gehaltsabrechnung für Dezember 2023 erhalten werde. Vielen Dank für Ihre Hilfe. Beste Grüße, Tomasz Lauterbach",1,Buchhaltung
Probleme mit XP-Pen Artist 12 Pro,"Hallo Support-Team, mein XP-Pen Artist 12 Pro reagiert seit gestern nicht mehr auf Berührungen. Ich habe bereits die Treiber neu installiert, ohne Erfolg. Bitte um Hilfe.",2,Hardware
Frage zur Angabe eines anderen Unternehmensnamens auf der nächsten Rechnung,"Sehr geehrtes Buchhaltungsteam,

könnten Sie auf meiner nächsten Rechnung bitte den neuen Unternehmensnamen ‚Böhm IT Solutions GmbH‘ angeben? Würde mir erheblich bei der Buchführung helfen.

Vielen Dank im Voraus,
Henning Böhm",1,Buchhaltung
AMD Ryzen 9 5950X nicht mehr funktionsfähig,"Hallo, mein AMD Ryzen 9 5950X funktioniert nicht mehr nach dem letzten Update. Dringend Hilfe!",3,Hardware
Änderung des Firmennamens auf der Rechnung,"Hallo Team, könnte der Firmenname auf der nächsten Rechnung auf 'Teichert Technologies GmbH' geändert werden? Es ist keine dringende Angelegenheit. Dankeschön!",1,Buchhaltung
Frage zur Ausgangssicherheit von Abrechnungen,"Sehr geehrte Damen und Herren, könnten Sie mir erklären, wie die Sicherheit unserer Ausgangsrechnungen gemäß den aktuellen Richtlinien gewährleistet wird? Danke, Nedim Aydin",1,Buchhaltung
Wi-Fi Antenna fällt aus - dringende Hilfe benötigt,"Hallo Kundensupport, meine Wi-Fi Antenna, die ich von Ihrem Online-Shop gekauft habe, fällt ständig aus. Ich habe versucht, sie an verschiedenen Standorten und mit unterschiedlichen Netzwerken zu testen, aber ohne Erfolg. Dies stört meine berufliche Tätigkeit erheblich, daher benötige ich dringend eine Lösung oder einen Austausch. Vielen Dank für Ihre schnelle Rückmeldung. Mit freundlichen Grüßen, Svenja Schmitt.",3,Hardware
Problem mit der Software Expense Tracking,"Hallo, ich finde eine Funktion in Expense Tracking nicht.",2,Software
Dringende Klärung Schulungskosten,"Sehr geehrte Damen und Herren, ich benötige dringend eine Kostenübersicht für alle Schulungen, die im letzten Quartal vom Personalentwicklungsteam beantragt und bewilligt wurden. Es ist für unseren Monatsbericht sehr wichtig. Besten Dank! Mit freundlichen Grüßen, Maike Krüger",3,Buchhaltung
Angel Investing Update Problem,"Hallo Support, ich benutze die Software Angel Investing seit einigen Monaten und bin sehr zufrieden. Seit dem letzten Update habe ich jedoch Probleme beim Öffnen bestimmter Funktionen, insbesondere beim Zugriff auf Reports. Es erscheinen Fehlermeldungen, und ich kann meine Berichte nicht einsehen. Könnt ihr das bitte überprüfen? Danke, Željko Rüdiger.",2,Software
Dringendes Problem mit Survey Software - Fehler 503,"Sehr geehrte Damen und Herren, ich verwende momentan Ihre Survey Software für mein Unternehmen und seit heute morgen erhalte ich dauernd Fehlermeldungen (Fehler 503 - Service Unavailable). Dies hinderte uns daran, wichtige Kundenumfragen fortzuführen, was schwerwiegende Auswirkungen auf Projekte hat. Bitte helfen Sie uns schnellstmöglich, da wir sonst massive Einbußen haben werden. Freundliche Grüße, Bojana Wessel",3,Software
Frage zu Bugfixes in iSpring Suite,"Hallo Support-Team,

ich habe Probleme bei der Verwendung von iSpring Suite. Einige Features scheinen fehlerhaft zu sein, und mein Team kann bestimmte Präsentationen nicht korrekt exportieren. Gibt es bereits bekannte Bugfixes oder Updates, die diese Probleme beheben können?

Vielen Dank im Voraus,
Nunzia Thiele
",2,Software
Anfrage Karriereberatung,"Kann ich für eine Weiterbildung Unterstützung beantragen? Bitte um Rückmeldung, danke!",1,Buchhaltung
Fragen zum Arbeitsvertrag,"Sehr geehrte Damen und Herren,

ich habe ein paar Fragen zu meinem Arbeitsvertrag und hätte gerne eine Klärung, ob ich Anspruch auf eine bestimmte Leistungszulage in speziellen Situationen habe. Zudem möchte ich wissen, ob es in meiner Branche spezifische Rechtsvorschriften gibt, die mir zusätzliche Vorteile gewähren könnten. Ich würde mich über eine zeitnahe Rückmeldung freuen.

Mit freundlichen Grüßen,
Dieter Seifert",1,Buchhaltung
Kleine Unregelmäßigkeiten in Business Intelligence-Software,"Sehr geehrte Damen und Herren, ich habe kürzlich einige kleine Unregelmäßigkeiten in der Business Intelligence-Software bemerkt. Einige Berichte laden langsamer als gewöhnlich und es gibt leichte Anzeigefehler in den Grafiken. Es beeinträchtigt derzeit nicht meine Arbeit, aber ich wollte sicherstellen, dass firm Ihnen bewusst bin. Mit freundlichen Grüßen, Evi Ilhan",1,Software
Frage zur nächsten Rechnung,"Hallo Kundensupport, ich benötige für unsere nächste Rechnung eine Angabe eines abweichenden Unternehmensnamens. Ist dies möglich? Lassen Sie mich bitte wissen, was hierfür erforderlich ist. Vielen Dank! Grüße, Nina Kuhn",1,Buchhaltung
[Fehler] – Probleme mit Zcash Software,"Sehr geehrte Damen und Herren, seit dem letzten Update der Zcash Software stürzt diese ständig ab. Ich kann dadurch leider keine Transaktionen mehr durchführen. Was kann ich tun? Mit freundlichen Grüßen, Sonja Özdemir",2,Software
Mitarbeiteranfrage – Arbeitsrechtliche Klärung,"Sehr geehrte Damen und Herren, könnten Sie mir bitte die Formulare zur Arbeitszeiterfassung sowie die rechtlichen Hinweise zu Pausenregelungen zusenden? Vielen Dank im Voraus! MfG, Anca Schultze",2,Buchhaltung
"Probleme mit dem Soundbar-Produkt, Bitte um Unterstützung","Guten Tag,
ich habe kürzlich eine Soundbar bei Ihnen erworben und bemerkt ein gelegentliches Knistern während der Audio-Wiedergabe. Ich wollte mich erkundigen, ob es bekannt ist und welche Lösungsmöglichkeiten es gibt. Besten Dank im Voraus,
Elke Lorenz",1,Hardware
Microsoft Surface Pro 8 Bildschirmflimmern,"Hallo Support-Team, mein Microsoft Surface Pro 8 zeigt seit Kurzem ein konstantes Bildschirmflimmern, das sehr störend ist. Können Sie mir bitte baldmöglichst eine Lösung anbieten? Danke! Jules He",2,Hardware
Korrektur der Rechnung für kommenden Monat,"Hallo, könnte auf meiner nächsten Rechnung, die Firmenadresse geändert werden? Neue Adresse folgt per Post. Beste Grüße, Mark Paul",1,Buchhaltung
Frage zu Salesforce Admin Console Update,"Hallo Support-Team, könnt ihr mir eine Anleitung schicken, wie ich ein Minor-Update bei der Salesforce Admin Console einspielen kann? Danke, Pippi Christian",1,Software
Monitor funktioniert nicht richtig,"Sehr geehrter Kundenservice,

mein externer Monitor (Produktnummer: EXM123456) von Ihrer Firma zeigt seit gestern ein merkwürdiges Verhalten. Manchmal bleibt der Bildschirm schwarz, obwohl die Kontrollleuchte aktiv ist und der Computer korrekt funktioniert. Ich habe bereits sämtliche Kabel ausgetauscht und überprüft, der Fehler bleibt jedoch bestehen. Könnten Sie mir bitte weiterhelfen?

Beste Grüße,
Kathi Bock",2,Hardware
Fragestellung: Smart-Ladestation Firmware-Update,"Sehr geehrtes Team, meine Smart-Ladestation funktioniert einwandfrei, aber ich habe gelesen, dass ein neues Firmware-Update verfügbar ist. Besteht die Möglichkeit, Details zu diesem Update zu erhalten und wie ich es eventuell selbst durchführen kann? Danke, Brunhilde Rosenbaum",1,Hardware
Dringendes Problem mit Lieferantenrechnungen,"Sehr geehrte Damen und Herren,
unser Lieferant hat Mahnungen zu den Rechnungen #204455 und #204456 geschickt. Diese sollten bereits bezahlt worden sein. Bitte überprüfen Sie dringend.
Danke,
Makbule Muth",3,Buchhaltung
Mitarbeiteranfrage bezüglich Arbeitsrecht,"Sehr geehrte Damen und Herren, könnten Sie mich bitte bezüglich arbeitsrechtlicher Fragestellungen im Kontext unserer Mitarbeiter beraten? Danke, Göran",2,Buchhaltung
Kleine Anpassung in IoT Security Konfiguration,"Sehr geehrte Damen und Herren, ich habe gesehen, dass es eine neue Konfigurationsmöglichkeit in IoT Security gibt, jedoch finde ich keine Option dafür im Menü. Können Sie mir hier weiterhelfen? Vielen Dank",1,Software
Zugriffsrechte auf Dokumente aktualisieren,"Sehr geehrtes Buchhaltungsteam, bitte aktualisieren Sie meine Zugriffsrechte für die Mitarbeiterdokumente im System. Vielen Dank im Voraus, Elli Klemm",1,Buchhaltung
Hilfe bei Malwarebytes 4.4 - Berichte funktionieren nicht richtig,"Sehr geehrte Damen und Herren, ich habe Probleme mit den Berichten in Malwarebytes 4.4. Diese werden nicht korrekt angezeigt und einige Daten fehlen. Ich brauche Klärung und Unterstützung. Mit freundlichen Grüßen, Barbara Hein",2,Software
Dringend: Yield Farming startet nach Update nicht mehr,"Hallo Kundensupport-Team, 
ich habe gestern das neueste Update für Yield Farming installiert, und seitdem startet die Software nicht mehr. Ich benutze die Software jeden Tag für meine Arbeit und benötige dringend eine Lösung, da der Stillstand gravierende Auswirkungen auf meine Projekte hat. Können Sie dies bitte so schnell wie möglich überprüfen und beheben?
Viele Grüße, 
Elmedina Wünsch",3,Software
Nicht klar: Rechnung Nr. 45783,"Hallo Buchhaltungs-Team,
ich habe Fragen zur Lieferantenrechnung Nr. 45783. Der Preis erscheint mir falsch. Könnten Sie das bitte klären?
Danke, Vera Voigt",2,Buchhaltung
Probleme mit Drupal 9 Plugin - Fehlermeldungen beim Hochladen,"Hallo Kundensupport, ich nutze die neueste Version von Drupal 9 und habe Schwierigkeiten mit einem Plugin. Beim Hochladen gibt es ständig Fehlermeldungen und das Plugin wird nicht installiert. Alle anderen Plugins funktionieren ohne Probleme. Können Sie mir bitte helfen? Vielen Dank! Fikriye Arnold",2,Software
Anfrage bezüglich Smart-Gewächshaus Update,"Hallo liebes Support-Team, ich bin interessiert an einem zukünftigen Software-Update für mein Smart-Gewächshaus. Muss ich dafür etwas vorbereiten oder wechseln Sie das automatisch? Vielen Dank auch für die bisherige hervorragende Arbeit! Beste Grüße, Georg Kaya",1,Hardware
Bildqualität des Laserprojektors ist mangelhaft,"Sehr geehrte Damen und Herren,

ich habe mir kürzlich Ihren Laserprojektor Modell LZ123-BX zugelegt. Leider habe ich festgestellt, dass die Bildqualität sehr zu wünschen übrig lässt, trotz korrekter Kalibrierung. Woran könnte das liegen? Ich brauche den Projektor dringend. Vielen Dank für Ihre Unterstützung.

Mit freundlichen Grüßen,
Ann-Sophie Klaus",2,Hardware
Dringende Anfrage – Rückerstattung Reisekosten,"Sehr geehrte Damen und Herren, ich benötige dringend Unterstützung bei der Rückerstattung meiner Reisekosten für die letzte Dienstreise nach Hamburg. Die eingereichten Belege wurden angeblich nicht erhalten. Bitte prüfen und korrigieren Sie den Vorgang. Kundennr.: FV-987654",3,Buchhaltung
Anfrage zu Produkt-Update Carbon Management,"Sehr geehrtes Support-Team, ich nutze Ihre Software Carbon Management und möchte wissen, ob in den kommenden Wochen eine neue Version veröffentlicht wird. Zudem interessiere ich mich für Details der geplanten Verbesserungen und neuen Features. Können Sie mich diesbezüglich informieren? Vielen Dank und freundliche Grüße, Erika Fischer",1,Software
Problem beim Aktualisieren von Website Builder,"Sehr geehrter Kundenservice, nach dem Update meines Website Builder auf die neueste Version erhalte ich ständig Fehler beim Speichern meiner Arbeit. Dies beeinträchtigt meine Projekte erheblich. Können Sie mir bitte helfen, dieses Problem zu beheben? Vielen Dank. Mit freundlichen Grüßen, Rene Ritter",2,Software
Satellite Module reagiert nicht mehr – Dringende Unterstützung erforderlich,"Sehr geehrte Damen und Herren, mein Satellite Module ist plötzlich abgestürzt und lässt sich nicht mehr einschalten. Ich habe alle üblichen Schritte zur Fehlerbehebung durchlaufen, doch nichts funktioniert. Ich benötige die Geräte dringend für meine Arbeit. Können Sie einen schnellen Austausch anbieten? Vielen Dank im Voraus für Ihre Hilfe. Mit freundlichen Grüßen, Cornelia Le",3,Hardware
PDM Software – Systemabsturz nach Update!,"Sehr geehrte Damen und Herren,

mein Name ist Haike Hopf und ich habe derzeit große Probleme mit Ihrer PDM Software. Nach dem gestrigen Update stürzt die Software ständig ab und lässt sich nicht mehr nutzen. Ich benötige die Anwendung dringend für meine Projekte und stecke jetzt in einer misslichen Lage! Könnten Sie mir bitte dringend weiterhelfen?

Vielen Dank im Voraus,
Haike Hopf",3,Software
Fehlermeldung bei Brother HL-L8360CDW - Gerät druckt nicht,"Sehr geehrte Damen und Herren,

mein Drucker Brother HL-L8360CDW druckt nach dem letzten Firmware-Update gar nicht mehr. Das Gerät zeigt nur noch eine Fehlermeldung an und lässt sich nicht zurücksetzen. Ich brauche den Drucker dringend für mein Geschäft.

Bitte helfen Sie mir umgehend!

Vielen Dank,
Franz Schubert",3,Hardware
Anfrage@Sustainability Software – Fehler im Bullshit Funktion,"Hallo, bei mir macht die Sustainability Software ständig Fehler, wenn ich die Bullshit Funktion nutze. Das beeinträchtigt meine Arbeit gravierend. Könnten Sie sich das bitte einmal ansehen? – Werner Otto",2,Software
Sehr zufrieden mit Ihrem Service,"Liebe Buchhaltungsabteilung,

ich wollte Ihnen nur mitteilen, wie zufrieden ich bisher mit Ihrem Service bin. Besonders möchte ich die schnelle Bearbeitung meiner Anliegen und die freundlichen Mitarbeiter hervorheben. Es ist schön zu wissen, dass meine Anliegen zügig und gewissenhaft bearbeitet werden. Vielen Dank dafür und weiter so!

Freundliche Grüße,
Carolin Schuster",1,Buchhaltung
Ersatzteil - Power Supply,"Sehr geehrte Damen und Herren, ich benötige für meine Workstation XYZ ein neues Power Supply. Können Sie mir ein entsprechendes Angebot zukommen lassen? Vielen Dank, Tamara Möller",1,Hardware
Angebot für Adobe Creative Suite Upgrade,"Sehr geehrte Damen und Herren, ich überlege, ein Upgrade von Adobe Creative Suite auf die neueste Version zu machen. Es ist nicht dringend, aber ich würde gerne wissen, wie viel das kosten würde und welche neuen Funktionen hinzugekommen sind. Vielen Dank im Voraus! Mit freundlichen Grüßen, Emine Lindner",1,Software
Probleme mit Mikrofon Audioqualität,"Sehr geehrtes Support-Team, ich habe ein Problem mit dem Mikrofon, das ich bei Ihnen gekauft habe (Bestellnummer ABC123456). Die Audioqualität ist sehr schlecht und es gibt ständig Störgeräusche. Ich benutze das Mikrofon für Zoom Meetings und das beeinträchtigt meine Arbeit enorm. Bitte um Hilfe. Beste Grüße, Nina Scherf",2,Hardware
Anfrage zum Datenschutz,Wie kann ich meine Daten bei Ihnen löschen lassen?,1,Buchhaltung
FatCow Software stürzt ab und blockiert gesamten Dienst,"Hallo Kundensupport,

nach dem letzten Update stürzt unsere FatCow Software ständig ab und verursacht völlig Arbeitsstop. Unsere Mitarbeiter sind ohne diese Umgebung nicht in der Lage vernünftig zu arbeiten. Wir benötigen umgehende Hilfe, um den Systembetrieb wiederherzustellen. Jeder Vorfall läuft unter Ticket: 457839

Vielen Dank,
Ber Stock",3,Software
Änderung der Rechnungsadresse,"Sehr geehrte Damen und Herren, bitte ändern Sie in Ihrer Datenbank die Rechnungsadresse für Yakup Senger auf IT-Support-Straße 12, 20359 Hamburg.",1,Buchhaltung
Kleine Frage zur Einstellung in Zoho Desk Admin Console,"Hallo Kundensupport,
kann ich Einstellungen in der Zoho Desk Admin Console verändern?
Mit freundlichen Grüßen,
August Bro",1,Software
Incident Management - Funktionalitätsproblem beim Hinzufügen von Anhängen,"Hallo Support-Team,

ich habe ein Problem mit Ihrem Incident Management Softwareprodukt. Seit dem letzten Update können unsere Mitarbeiter keine Anhänge mehr zu ihren Vorfällen hinzufügen. Wir haben mehrere Browser und Systeme getestet, aber das Problem bleibt bestehen. Könnten Sie bitte schnellstmöglich eine Lösung dafür bereitstellen? Wir sind auf diese Funktion dringend angewiesen. Vielen Dank im Voraus.

Mit besten Grüßen,
Fatmir Karl",2,Software
Fehler bei Sales Force Automation: Funktion 'Report generieren' unbrauchbar,"Sehr geehrte Damen und Herren, die Funktion 'Report generieren' zeigt ständig Fehler. Bitte um Hilfe.",2,Software
Mitarbeiteranfrage: Weiterbildungskurs für John Doe,"Hallo Support-Team, unser Mitarbeiter John Doe möchte an einem Weiterbildungskurs in Projektmanagement teilnehmen. Bitte prüfen Sie, ob hierfür noch Budget vorhanden ist und wie die Anmeldung zur Finanzierung des Kurses über unser Unternehmen erfolgt. Vielen Dank im Voraus, Mareile Ger",2,Buchhaltung
Dringende Bearbeitung meiner Umsatzsteuererklärung erforderlich,"Hallo Kundensupport,

ich habe ein dringendes Problem mit der Umsatzsteuererklärung der letzten beiden Monate. Die Zahlen stimmen nicht überein und könnten erhebliche steuerliche Konsequenzen nach sich ziehen. Bitte kümmern Sie sich umgehend darum, da die Einreichungsfrist unmittelbar bevorsteht und ich andernfalls rechtliche Konflikte befürchte.

Vielen Dank, Linde Petzold",3,Buchhaltung
Frage zu Datenschutz und meiner Rechnung,Welche Daten speichert ihr für meine Rechnungen?,1,Buchhaltung
Frage@Hardware: Mein Intel Core i9 erzeugt hohe Temperaturen,"Hallo liebes Technik-Team,

der Intel Core i9, den ich in meinem Build verbaut habe, wird beim Zocken sehr heiß. Ist das normal oder liegt eventuell ein Hardwarefehler vor? Gerne würde ich hierzu eure professionelle Meinung hören.

Dankeschön und beste Grüße,
Sabrina Friedrich",1,Hardware
Mixer - Geräusche beim Betrieb,"Sehr geehrte Damen und Herren, ich habe einen Mixer bei Ihnen gekauft (Bestellnr. 346722). Beim Betrieb macht das Gerät ungewöhnlich laute Geräusche, obwohl es ordnungsgemäß aufgebaut und eingesetzt wurde. Könnten Sie mir bitte sagen, ob es sich hierbei um ein bekanntes Problem handelt? Beste Grüße, Jacky Kleemann",1,Hardware
Beschwerde wegen nicht erhaltener Rechnung,"Sehr geehrte Damen und Herren, trotz mehrfacher Anfragen habe ich keine Rechnung erhalten. Bitte klären Sie dies umgehend.",2,Buchhaltung
Frage zur Arbeitsplatzsicherheit,"Hallo liebes Buchhaltungs-Team,

ich habe eine kleine Anfrage bezüglich der Arbeitsplatzsicherheit. Gibt es spezielle Regelungen oder Maßnahmen zu beachten? Eine kurze Information wäre sehr hilfreich.

Vielen Dank!
Fatime Wachter",1,Buchhaltung
GPS Tracking stürzt permanent ab - Dringend,"Sehr geehrte Damen und Herren,
mein GPS Tracking Programm verweigert dauernd den Dienst. Ich brauche es dringend für meine Arbeit im Außendienst. Eine Neuinstallation hat nicht geholfen. Bitte um schnelle Lösung!

Vielen Dank,
Fatih Loch",3,Software
Frage zum Beleuchtung verkauft Smart-Terrarium,"Hallo Support-Team, das verwendete Licht in Ihrem Smart-Terrarium scheint Probleme zu haben. Obwohl das Licht eingeschaltet ist, stellen wir fest, dass es zeitweise flackert. Könnten Sie uns sagen, ob dies ein bekanntes issue ist oder was wir tun können, um den Defekt zu beheben? Vielen Dank! Mit besten Grüßen, Timon Nagy",1,Hardware
Frage zu Updates für Location-based Services,"Sehr geehrte Damen und Herren, könnte ich in Erfahrung bringen, ob für Location-based Services ein Update verfügbar ist?",1,Software
Frage zu App Store Optimization,"Sehr geehrte Damen und Herren, könnten Sie mir bitte mitteilen, ob für das Produkt 'App Store Optimization' dieses Jahr ein Update geplant ist? Vielen Dank, Erna Aschenbrenner.",1,Software
Rechnungsfrage zur letzten Transaktion,"Hallo Buchhaltung, ich bitte um eine Klärung der letzten Rechnung Nr. 45231-120. Es scheint, als wäre der Betrag falsch berechnet worden. Freundliche Grüße, Regina Böhm",2,Buchhaltung
Anfrage zur Umstellung der kommenden Rechnung,"Sehr geehrte Damen und Herren, ich benötige Ihre Hilfe bei einer kleinen Änderung. Könnten Sie bitte sicherstellen, dass auf meiner nächsten Rechnung statt ‚Verena Lang' der Unternehmensname ‚Lang Design GmbH' vermerkt wird? Besten Dank vorab und freundliche Grüße, Verena Lang",1,Buchhaltung
Probleme mit FL Studio 20.8 nach Update,"Hallo Support-Team, seit dem letzten Update von FL Studio 20.8 stürzt das Programm immer wieder ab und ich kann meine Projekte nicht mehr speichern. Das betrifft meine Arbeit sehr. Bitte um schnelle Hilfe, danke! MfG, Madita Akin",2,Software
Zugriffsrechte für Mitarbeiteranfragen,"Hallo Support-Team, wir haben eine neue Mitarbeiterin bei uns in der Buchhaltung. Bitte stellt ihr die entsprechenden Zugriffsrechte für Mitarbeiteranfragen im IT-Support bereit. Sie heißt Kessy Pe und ihr Benutzername ist kpe23. Vielen Dank im Voraus! Mit freundlichen Grüßen, Finance Team",1,Buchhaltung
Rücksendung - Bestellung #897654321,"Sehr geehrte Damen und Herren, ich habe kürzlich einen Artikel unter der Bestellnummer #897654321 bestellt und möchte diesen nun zurücksenden. Der Artikel entspricht nicht meinen Erwartungen und wurde in originaler Verpackung belassen. Können Sie mir bitte die genaue Rücksendeadresse und die nächsten Schritte mitteilen? Vielen Dank im Voraus! Adrian Kaplan",2,Buchhaltung
Dringend: Zugriff auf Trezor Suite nicht möglich,"Sehr geehrtes Support-Team, ich kann seit heute Morgen nicht mehr auf meine Trezor Suite zugreifen, obwohl alle Anmeldedaten korrekt sind. Bitte dringend um Hilfe.",3,Software
Frage zum Update von PrestaShop Back Office,"Hallo Kundensupport,

ich plane in den nächsten Wochen ein Update für mein PrestaShop Back Office durchzuführen, bin aber nicht sicher, welche Version die optimale ist. Könnten Sie mich hierzu beraten?

Beste Grüße,
Michael Yilmaz",1,Software
Backup-Anfrage zu Bamboo Version 3.9.5,"Hallo Support-Team, ich würde gerne ein automatisiertes Backup für unser aktuelles Software-Produkt Bamboo (Version 3.9.5) einrichten, finde aber keine Anleitung dazu. Können Sie mir ein Dokument oder eine Anleitung zur Verfügung stellen? Vielen Dank, Nga Fritzsche",1,Software
Fehlermeldung bei Lightroom Classic - Anfrage,"Sehr geehrter Kundensupport, 
mein Name ist Claudia Böttcher. Ich habe ein Problem mit Lightroom Classic, bei dem ständig eine Fehlermeldung erscheint, sobald ich versuche, meine RAW-Bilder zu importieren. Können Sie mir bitte weiterhelfen und eine Lösung für dieses Problem anbieten? Vielen Dank im Voraus.
Mit freundlichen Grüßen,
Claudia Böttcher",2,Software
PCIe Card fehlerhaft?,"Sehr geehrte Damen und Herren, mein gestern bei Ihnen bestellter PCIe Card funktioniert nicht. Obwohl korrekt eingebaut, wird sie nicht erkannt und verursacht Systemabstürze. Könnten Sie schnellstmöglich Unterstützung bieten? Freundliche Grüße, Klaus-Peter Jacobsen",3,Hardware
Stornierung meiner letzten Bestellung erforderlich,"Liebes Support-Team,
ich möchte um die Stornierung meiner letzten Bestellung (#3256879) bitten. Der Betrag wurde bereits auf meiner Kreditkarte belastet. Wie gehen wir hier weiter vor?
Danke, Silvia Diener",1,Buchhaltung
Problem mit Kajabi – Seite lädt nicht richtig,"Hallo Kundensupport,

ich habe Probleme mit meiner Kajabi-Webseite. Die Seite lädt sehr langsam und manche Funktionen scheinen nicht richtig zu funktionieren. Ich habe bereits meinen Cache geleert und verschiedene Browser ausprobiert. Woran könnte das liegen und können Sie bitte helfen?

Vielen Dank,
Witali Nitsch",2,Software
Problem mit Reporting Tools - Fehlermeldungen,"Sehr geehrte Damen und Herren, ich habe Probleme mit Ihrem Reporting Tools Produkt. Beim Generieren von Berichten erhalte ich mehrere Fehlermeldungen, die ich nicht beheben kann. Könnten Sie mir bitte dabei helfen? Anbei habe ich Screenshots der Fehlermeldungen angehängt. Vielen Dank im Voraus und freundliche Grüße, Selcuk Sa",2,Software
Problem mit XLR-Mikrofon - Stromversorgung instabil,"Hallo Support, mein XLR-Mikrofon hat gelegentlich Aussetzer bei der Stromversorgung. Was kann ich tun? Liebe Grüße, Nadine Le",1,Hardware
Anfrage für kleines Software-Update,"Hallo Kundensupport, können Sie mir sagen, ob und wann ich ein kleines Update für JIRA erhalten könnte? Vielen Dank, Deniz Beck",1,Software
Frage zur API-Integration in Apache Cassandra,"Sehr geehrte Damen und Herren, Ich habe kürzlich Apache Cassandra installiert und plane die API zu integrieren. Gibt es eine Schritt-für-Schritt-Anleitung? Vielen Dank und Grüße, Mehmet Lorenz",1,Software
[Dringend] Hilfe benötigt mit SEO Tools – kann mich nicht einloggen,"Sehr geehrte Damen und Herren,
seit dem letzten Update kann ich mich nicht mehr in mein SEO Tools Konto einloggen. Ich nutze es täglich für meine Arbeit ab und dieser Zustand ist gerade sehr problematisch für mich.
Bitte Dringend um Hilfe!
Herbert Winkler",3,Software
Dringend: Dashboards Login-Abbruch,"Hallo Supportteam, ich kann mich bei Dashboards nicht mehr einloggen, obwohl Passwort und Benutzername korrekt sind. Bitte um schnelle Hilfe!",3,Software
Problem mit meinem Microphone X100,"Hallo Kundensupport,
ich habe mir vor kurzem das Microphone X100 bei Ihnen bestellt und es scheint ein Problem zu geben. Der Ton ist sehr verzerrt und ich höre ein konstantes Brummen im Hintergrund. Könnten Sie bitte überprüfen, woran das liegen könnte?
Vielen Dank!
Angi Baumann",2,Hardware
App Store Optimization startet nicht,"Guten Tag, die Software startet nicht mehr und hängt im Ladebildschirm. Bitte dringend um Hilfe!",3,Software
Angebotsanfrage für Business-Software,"Sehr geehrte Damen und Herren, ich interessiere mich für Ihre Business-Software und hätte gerne ein unverbindliches Angebot. Speziell interessieren mich die Pakete für mittelständische Unternehmen und die darin inbegriffenen Support-Leistungen. Bitte informieren Sie mich über Preise und Vertragskonditionen. Eine schnelle Antwort ist nicht dringend. Mit freundlichen Grüßen, Jaroslaw Black",1,Buchhaltung
Rechnungsfrage zur letzten Transaktion,"Sehr geehrte Damen und Herren, ich habe am 05.10.2023 eine Transaktion mit der ID 593015 durchgeführt, jedoch scheint der Betrag doppelt abgebucht worden zu sein. Bitte prüfen Sie das und veranlassen Sie die Korrektur. Vielen Dank und mit freundlichen Grüßen, Adrian Riedel",2,Buchhaltung
VGA-Kabel zeigt kein Bild auf dem Monitor,"Sehr geehrte Damen und Herren, 
ich habe nach längerer Zeit mein VGA-Kabel ausprobiert und es zeigt kein Bild auf dem Monitor. Ich habe verschiedene Monitore und Geräte ausprobiert, jedoch ohne Erfolg. Haben Sie eine Idee, woran das liegen könnte, oder soll ich das Kabel einsenden? Danke! 
Mit freundlichen Grüßen, 
Mad Schwan",1,Hardware
Rechnungsfrage zur letzten Transaktion,"Sehr geehrte Damen und Herren, benötigt die letzte Rechnung erneut.",2,Buchhaltung
Probleme mit dem Lüfter bei meinem XPS Laptop,"Sehr geehrtes Support-Team,
ich besitze seit einigen Wochen einen XPS Laptop und habe jetzt festgestellt, dass der Lüfter ungewöhnlich laut ist und gelegentlich sogar komplett ausfällt. Die Temperatur des Geräts steigt dadurch sehr schnell an. Können Sie mir bitte helfend zur Seite stehen und mir mitteilen, was hier der genaue Fehler sein könnte?
Vielen Dank im Voraus, Klaus-Jürgen Sänger.",2,Hardware
Fehlerhafte Gehaltsabrechnung,"Sehr geehrte Buchhaltungsabteilung, bei meiner letzten Gehaltsabrechnung ist mir aufgefallen, dass die Überstunden nicht korrekt verrechnet wurden. Bitte überprüfen Sie dies dringend, da ich die endgültige Abrechnung für meinen Kreditbedarf benötige. Vielen Dank, Nevin Brink",3,Buchhaltung
3ds Max schließt sich unerwartet - dringend,Seit dem Update schneidet sich 3ds Max immer wieder ab. Hilfe!,3,Software
Software stürzt ab – After Effects Notfall,"Sehr geehrtes Support-Team,

mein After Effects stürzt seit dem letzten Update ständig ab. Ich bin mitten in einem wichtigen Projekt, und das ist wirklich dringend! Bitte helft mir so schnell wie möglich!

Mit freundlichen Grüßen,
Pascal Jäger",3,Software
Hardware-Defekt: Fahrzeugdiagnosetool startet nicht mehr,"Sehr geehrtes Support-Team, mein Diagnosetool lässt sich plötzlich nicht mehr starten. Hilfe!",3,Hardware
Dringend! Smart Glasses funktionieren nach Update nicht mehr,"Sehr geehrte Damen und Herren,
mein Name ist Anja Arnold und nach dem letzten Firmware-Update sind meine Smart Glasses komplett ausgefallen. Sie lassen sich nicht mehr einschalten und ich benutze sie täglich bei der Arbeit. Können Sie mir bitte umgehend weiterhelfen?
Danke und beste Grüße,
Anja Arnold",3,Hardware
Rechtsberatung zu Arbeitsrecht für Mitarbeitern,"Hallo Buchhaltungsteam, ich habe eine Frage zur Arbeitszeitenregelung bezüglich unserer neuen Mitarbeitern. Insbesondere benötige ich Klarheit zu Überstundenregelungen und befristeten Arbeitsverträgen. Gibt es hierzu aktuelle gesetzliche Vorgaben und wie sollten wir diese umsetzen? Ich danke euch im Voraus für eure Hilfe! Liebe Grüße, Umit Karakaya",2,Buchhaltung
Frage zu dynamischem Mikrofon,"Sehr geehrte Damen und Herren,
ich habe kürzlich ein dynamisches Mikrofon bei Ihnen erworben. Es läuft grundsätzlich einwandfrei, dennoch möchte ich gern wissen, ob es möglich ist, einen anderen Standfuß für das Gerät zu nutzen. Gibt es kompatible Modelle, die Sie empfehlen können?
Vielen Dank und mit freundlichen Grüßen,
Nikolaus Schuller",1,Hardware
Frage zur Darstellung von Berichten in QuickBooks Online Accountant,"Sehr geehrter Kundensupport, ich habe ein kleines Problem mit QuickBooks Online Accountant. Die Berichte sind seit dem letzten Update nicht mehr richtig formatiert. Könnten Sie einmal prüfen, ob es ein bekanntes Problem gibt? Herzlichen Dank, Hedwig Diehl",1,Software
Anfrage: Anpassung der Mitarbeiterabrechnung bei Ihnen,"Hallo, ich bräuchte eine Anpassung bei meiner Abrechnung, da die letzten Spesen nicht korrekt aufgeführt wurden. Können Sie das bitte nachprüfen? Danke!",2,Buchhaltung
Dringende Anfrage zur Umsatzsteuererklärung 2023,"Hallo Buchhaltung, 
wir benötigen dringend eine aktualisierte Umsatzsteuererklärung für 2023. Könnten Sie uns diese baldmöglichst zukommen lassen? Wir müssen wichtige Abgaben tätigen.
Vielen Dank, 
Horst Kröger",3,Buchhaltung
Dringende HR-Frage: Mitarbeitervergütung Juli 2023,"Sehr geehrtes Buchhaltungsteam,

ich habe eine dringende Frage zur Mitarbeitervergütung für Juli 2023. Es scheint, als wären einige Überstunden nicht korrekt berücksichtigt worden. Bitte klären Sie das schnellstmöglich.

Vielen Dank.
Gruß, Dirk Götz",3,Buchhaltung
Directional Antenna funktioniert nicht,"Hallo Kundensupport, meine kürzlich bei Ihnen erworbene Directional Antenna hat plötzlich den Betrieb eingestellt. Gerät zeigt keine LED-Anzeigen und verbindet sich nicht mehr mit dem Router. Dringende Hilfe erforderlich, da ich es geschäftlich dringend benötige. Danke und viele Grüße, Emira Kus",3,Hardware
Solana stürzt nach Update 5.3 dauerhaft ab,"Guten Tag, nach Update 5.3 stürzt Solana ständig ab. Dringend Hilfe benötigt.",3,Software
Frage: Nächstes Update für E-ATX Motherboard,"Sehr geehrte Damen und Herren, ich wollte fragen, ob und wann ich das nächste Firmware-Update für mein E-ATX Motherboard bekommen kann. Gibt es einen Zeitplan für kommende Updates? Vielen Dank, Mark Hartmann",1,Hardware
Mitarbeiteranfrage zur Abrechnung,"Sehr geehrte Damen und Herren,

ich habe eine Frage bezüglich meiner letzten Gehaltsabrechnung. Mir scheint, dass die Überstunden für den Monat August nicht korrekt erfasst wurden. Könnten Sie dies bitte überprüfen und mich informieren? Vielen Dank im Voraus!

Mit freundlichen Grüßen,
Annette Stephan",2,Buchhaltung
Smart-Mixer hat ein kleines Display-Problem,"Hallo Support-Team, mein Smart-Mixer zeigt Streifen auf dem Display. Es ist kein großes Problem, aber nervig. Nazmi Radke",1,Hardware
Sabrent 4-Port USB 3.0 Hub nicht funktionsfähig,"Hallo Team, mein USB-Hub von Sabrent funktioniert nicht, kann keine Geräte mehr verbinden!",3,Hardware
